panel,tier,rate,ci_lower,ci_upper,total_appearances
bottom,Elite,0.116554,0.113813,0.119294,53649
bottom,High,0.103643,0.102312,0.104970,199019
bottom,Mid,0.096508,0.095075,0.097869,191113
bottom,Low,0.083904,0.081278,0.086370,43800
top,Elite,0.112285,0.109620,0.114914,53649
top,High,0.092107,0.090825,0.093434,199019
top,Mid,0.101160,0.099805,0.102520,191113
top,Low,0.118699,0.115753,0.121781,43800
