{
  "explained_variance_ratios": [
    0.48636326,
    0.24557661,
    0.15641279,
    0.11164734
  ],
  "loadings": {
    "height-metric": {
      "PC1": 0.231,
      "PC2": 0.939,
      "PC3": 0.055,
      "PC4": -0.247
    },
    "bust-eu": {
      "PC1": 0.525,
      "PC2": -0.236,
      "PC3": 0.784,
      "PC4": -0.233
    },
    "waist-eu": {
      "PC1": 0.604,
      "PC2": 0.065,
      "PC3": -0.154,
      "PC4": 0.779
    },
    "hips-eu": {
      "PC1": 0.553,
      "PC2": -0.24,
      "PC3": -0.599,
      "PC4": -0.527
    }
  },
  "scaler_means": [
    177.97360742249043,
    82.38610221281938,
    60.718876882299824,
    88.14024233244983
  ],
  "scaler_scales": [
    2.38265855238546,
    3.549607910444137,
    2.737098732839074,
    2.5285633687219606
  ],
  "feature_order": [
    "height-metric",
    "bust-eu",
    "waist-eu",
    "hips-eu"
  ],
  "gender": "female",
  "year_start": 2000,
  "year_end": 2024
}