{
  "explained_variance_ratios": [
    0.5388358191064702,
    0.23404405401506803,
    0.14028825661719416,
    0.08683187026126775
  ],
  "loadings": {
    "height-metric": {
      "PC1": 0.361,
      "PC2": 0.83,
      "PC3": -0.23,
      "PC4": -0.358
    },
    "bust-eu": {
      "PC1": 0.534,
      "PC2": -0.192,
      "PC3": 0.732,
      "PC4": -0.376
    },
    "waist-eu": {
      "PC1": 0.599,
      "PC2": 0.081,
      "PC3": -0.007,
      "PC4": 0.797
    },
    "hips-eu": {
      "PC1": 0.475,
      "PC2": -0.517,
      "PC3": -0.641,
      "PC4": -0.31
    }
  },
  "scaler_means": [
    178.17307247391307,
    82.41071271650124,
    61.08583089618026,
    88.19510164856354
  ],
  "scaler_scales": [
    2.8021088198930744,
    3.9932835047349884,
    3.5913078148532627,
    2.8615367292822182
  ],
  "feature_order": [
    "height-metric",
    "bust-eu",
    "waist-eu",
    "hips-eu"
  ],
  "gender": "male",
  "year_start": 2000,
  "year_end": 2024
}